city_ascii,lat,lng,country,division
Tokyo,35.6897,139.6922,Japan,Asia
Jakarta,-6.2146,106.8451,Indonesia,Asia
Delhi,28.66,77.23,India,Asia
Mumbai,18.9667,72.8333,India,Asia
Manila,14.6,120.9833,Philippines,Asia
Shanghai,31.1667,121.4667,China,Asia
Sao Paulo,-23.5504,-46.6339,Brazil,Oceania
Seoul,37.56,126.99,"Korea, South",Asia
Mexico City,19.4333,-99.1333,Mexico,North America
Guangzhou,23.1288,113.259,China,Asia
Beijing,39.905,116.3914,China,Asia
Cairo,30.0561,31.2394,Egypt,Africa
New York,40.6943,-73.9249,United States,North America
Kolkata,22.5411,88.3378,India,Asia
Moscow,55.7558,37.6178,Russia,Europe
Bangkok,13.75,100.5167,Thailand,Asia
Buenos Aires,-34.5997,-58.3819,Argentina,Oceania
Shenzhen,22.535,114.054,China,Asia
Dhaka,23.7289,90.3944,Bangladesh,Asia
Lagos,6.45,3.4,Nigeria,Africa
Istanbul,41.01,28.9603,Turkey,Asia
Osaka,34.75,135.4601,Japan,Asia
Karachi,24.86,67.01,Pakistan,Asia
Bangalore,12.9699,77.598,India,Asia
Tehran,35.7,51.4167,Iran,Asia
Kinshasa,-4.3233,15.3081,Congo (Kinshasa),Africa
Ho Chi Minh City,10.8167,106.6333,Vietnam,Asia
Los Angeles,34.1139,-118.4068,United States,North America
Rio de Janeiro,-22.9083,-43.1964,Brazil,Oceania
Nanyang,32.9987,112.5292,China,Asia
Baoding,38.8671,115.4845,China,Asia
Chennai,13.0825,80.275,India,Asia
Chengdu,30.66,104.0633,China,Asia
Lahore,31.5497,74.3436,Pakistan,Asia
Paris,48.8566,2.3522,France,Europe
London,51.5072,-0.1275,United Kingdom,Europe
Linyi,35.0606,118.3425,China,Asia
Tianjin,39.1467,117.2056,China,Asia
Shijiazhuang,38.0422,114.5086,China,Asia
Zhoukou,33.625,114.6418,China,Asia
Lima,-12.05,-77.0333,Peru,Oceania
Hyderabad,17.3667,78.4667,India,Asia
Handan,36.6116,114.4894,China,Asia
Bogota,4.6126,-74.0705,Colombia,Oceania
Weifang,36.7167,119.1,China,Asia
Nagoya,35.1167,136.9333,Japan,Asia
Wuhan,30.5872,114.2881,China,Asia
Heze,35.2333,115.4333,China,Asia
Ganzhou,25.8292,114.9336,China,Asia
Tongshan,34.261,117.1859,China,Asia
Chicago,41.8373,-87.6862,United States,North America
Luanda,-8.8383,13.2344,Angola,Africa
Changsha,28.1987,112.9709,China,Asia
Fuyang,32.8986,115.8045,China,Asia
Kuala Lumpur,3.1478,101.6953,Malaysia,Asia
Jining,35.4,116.5667,China,Asia
Dongguan,23.0475,113.7493,China,Asia
Jinan,36.6667,116.9833,China,Asia
Foshan,23.0292,113.1056,China,Asia
Hanoi,21.0245,105.8412,Vietnam,Asia
Pune,18.5196,73.8553,India,Asia
Chongqing,29.5628,106.5528,China,Asia
Changchun,43.9,125.2,China,Asia
Zhumadian,32.9773,114.0253,China,Asia
Ningbo,29.875,121.5492,China,Asia
Cangzhou,38.3037,116.8452,China,Asia
Nanjing,32.05,118.7667,China,Asia
Hefei,31.8639,117.2808,China,Asia
Ahmedabad,23.03,72.58,India,Asia
Hong Kong,22.305,114.185,Hong Kong,Asia
Zhanjiang,21.1967,110.4031,China,Asia
Shaoyang,27.2418,111.4725,China,Asia
Hengyang,26.8968,112.5857,China,Asia
Khartoum,15.6031,32.5265,Sudan,Africa
Nantong,31.9829,120.8873,China,Asia
Yancheng,33.3936,120.1339,China,Asia
Nanning,22.8192,108.315,China,Asia
Xi'an,34.2667,108.9,China,Asia
Shenyang,41.8039,123.4258,China,Asia
Tangshan,39.6292,118.1742,China,Asia
Santiago,-33.45,-70.6667,Chile,Oceania
Zhengzhou,34.7492,113.6605,China,Asia
Shangqiu,34.4259,115.6467,China,Asia
Yantai,37.3997,121.2664,China,Asia
Riyadh,24.65,46.71,Saudi Arabia,Asia
Dar es Salaam,-6.8,39.2833,Tanzania,Africa
Xinyang,32.1264,114.0672,China,Asia
Shangrao,28.4419,117.9633,China,Asia
Luoyang,34.6587,112.4245,China,Asia
Bijie,27.3019,105.2863,China,Asia
Quanzhou,24.9139,118.5858,China,Asia
Hangzhou,30.25,120.1675,China,Asia
Miami,25.7839,-80.2102,United States,North America
Huanggang,30.45,114.875,China,Asia
Maoming,21.6618,110.9178,China,Asia
Kunming,25.0433,102.7061,China,Asia
Nanchong,30.7991,106.0784,China,Asia
Zunyi,27.705,106.9336,China,Asia
Jieyang,23.5533,116.3649,China,Asia
Lu'an,31.7542,116.5078,China,Asia
Yichun,27.8041,114.383,China,Asia
Madrid,40.4167,-3.7167,Spain,Europe
Changde,29.0397,111.6839,China,Asia
Taizhou,28.6583,121.4221,China,Asia
Liaocheng,36.45,115.9833,China,Asia
Qujing,25.5102,103.8029,China,Asia
Surat,21.17,72.83,India,Asia
Baghdad,33.35,44.4167,Iraq,Asia
Qingdao,36.1167,120.4,China,Asia
Singapore,1.3,103.8,Singapore,Asia
Dallas,32.7936,-96.7662,United States,North America
Dazhou,31.2152,107.4947,China,Asia
Suzhou,33.6333,116.9683,China,Asia
Xiangyang,32.0654,112.1531,China,Asia
Philadelphia,40.0077,-75.1339,United States,North America
Giza,29.987,31.2118,Egypt,Africa
Nairobi,-1.2864,36.8172,Kenya,Africa
Nangandao,35.2992,113.8851,China,Asia
Ankara,39.93,32.85,Turkey,Asia
Tai'an,36.2001,117.0809,China,Asia
Yulin,22.6293,110.1507,China,Asia
Dezhou,37.4513,116.3105,China,Asia
Houston,29.7863,-95.3889,United States,North America
Atlanta,33.7627,-84.4224,United States,North America
Yongzhou,26.4515,111.5953,China,Asia
Rangoon,16.8,96.15,Myanmar,Asia
Toronto,43.7417,-79.3733,Canada,North America
Suihua,46.6384,126.9808,China,Asia
Washington,38.9047,-77.0163,United States,North America
Qiqihar,47.3398,123.9512,China,Asia
Jinhua,29.1046,119.6494,China,Asia
Saint Petersburg,59.95,30.3167,Russia,Europe
Shantou,23.3735,116.6941,China,Asia
Sydney,-33.865,151.2094,Australia,Oceania
Weinan,34.4996,109.4684,China,Asia
Suqian,33.9331,118.2831,China,Asia
Guadalajara,20.6767,-103.3475,Mexico,North America
Suzhou,31.304,120.6164,China,Asia
Fuzhou,26.0769,119.2917,China,Asia
Zhaotong,27.3328,103.7144,China,Asia
Pudong,31.2231,121.5397,China,Asia
Belo Horizonte,-19.9281,-43.9419,Brazil,Oceania
Zhangzhou,24.5093,117.6612,China,Asia
Bozhou,33.8626,115.7742,China,Asia
Melbourne,-37.8136,144.9631,Australia,Oceania
Nanchang,28.6842,115.8872,China,Asia
Xianyang,34.35,108.7167,China,Asia
Taizhou,32.4831,119.9,China,Asia
Surabaya,-7.2458,112.7378,Indonesia,Asia
Abidjan,5.3364,-4.0267,Ivory Coast,Africa
Huaihua,27.5494,109.9592,China,Asia
Ji'an,27.1172,114.9793,China,Asia
Mianyang,31.4669,104.7385,China,Asia
Xiaoganzhan,30.9273,113.911,China,Asia
Shaoxing,30,120.5833,China,Asia
Alexandria,31.2,29.9167,Egypt,Africa
Yuncheng,35.0304,110.998,China,Asia
Pingdingshan,33.735,113.2999,China,Asia
Huizhou,23.1115,114.4152,China,Asia
Huai'an,33.5,119.1331,China,Asia
Xinpu,34.5906,119.1801,China,Asia
Chenzhou,25.7989,113.0267,China,Asia
Guilin,25.2667,110.2833,China,Asia
Jiujiang,29.7048,116.0021,China,Asia
Anqing,30.5,117.0333,China,Asia
Boston,42.3188,-71.0846,United States,North America
Huanglongsi,34.7936,114.3403,China,Asia
Jiangmen,22.5833,113.0833,China,Asia
Changzhou,31.8122,119.9692,China,Asia
Barcelona,41.3825,2.1769,Spain,Europe
Wuxi,31.5667,120.2833,China,Asia
Zibo,36.7831,118.0497,China,Asia
Jiaxing,30.7522,120.75,China,Asia
Dalian,38.9,121.6,China,Asia
Hengshui,37.7348,115.686,China,Asia
Harbin,45.75,126.6333,China,Asia
Yangzhou,32.3912,119.4363,China,Asia
Yibin,28.7596,104.64,China,Asia
Johannesburg,-26.2044,28.0416,South Africa,Africa
Yiyang,28.5833,112.3333,China,Asia
Meizhou,24.2998,116.1191,China,Asia
Chifeng,42.2663,118.9223,China,Asia
Casablanca,33.5992,-7.62,Morocco,Africa
Guiyang,26.5794,106.7078,China,Asia
Langfang,39.5196,116.7006,China,Asia
Zhangjiakou,40.8108,114.8811,China,Asia
Izmir,38.4127,27.1384,Turkey,Asia
Linfen,36.0812,111.5087,China,Asia
Wenzhou,27.9991,120.6561,China,Asia
Monterrey,25.6667,-100.3,Mexico,North America
Luzhou,28.8918,105.4409,China,Asia
Jiangguanchi,34.0244,113.8201,China,Asia
Neijiang,29.5872,105.0635,China,Asia
Phoenix,33.5722,-112.0891,United States,North America
Yanjiang,30.1256,104.6397,China,Asia
Zhaoqing,23.05,112.4667,China,Asia
Xiaoxita,30.7083,111.2803,China,Asia
Guigang,23.0961,109.6092,China,Asia
Xiamen,24.4797,118.0819,China,Asia
Chuzhou,32.3062,118.3115,China,Asia
Fuzhou,27.9814,116.3577,China,Asia
Zhuzhou,27.8407,113.1469,China,Asia
Amman,31.95,35.9333,Jordan,Asia
Jeddah,21.5428,39.1728,Saudi Arabia,Asia
Loudi,27.7378,111.9974,China,Asia
Deyang,31.1289,104.395,China,Asia
Qingyuan,23.6842,113.0507,China,Asia
Wuhu,31.334,118.3622,China,Asia
Hechi,23.0965,109.6091,China,Asia
Seattle,47.6211,-122.3244,United States,North America
Binzhou,37.3806,118.0125,China,Asia
Yokohama,35.4333,139.6333,Japan,Asia
Liuzhou,24.3264,109.4281,China,Asia
Baojishi,34.3609,107.1751,China,Asia
Guang'an,30.4673,106.6336,China,Asia
Hanzhong,33.0794,107.026,China,Asia
Kabul,34.5328,69.1658,Afghanistan,Asia
Zaozhuang,34.8667,117.55,China,Asia
Berlin,52.5167,13.3833,Germany,Europe
Anshan,41.1066,122.9895,China,Asia
Lanzhou,36.0617,103.8318,China,Asia
Chengde,40.9739,117.9322,China,Asia
San Francisco,37.7562,-122.443,United States,North America
Puyang,35.7639,115.03,China,Asia
Suining,30.5098,105.5737,China,Asia
Jiaozuo,35.229,113.2304,China,Asia
Bengbu,32.9354,117.3531,China,Asia
Montreal,45.5089,-73.5617,Canada,North America
Detroit,42.3834,-83.1024,United States,North America
Baicheng,23.901,106.6194,China,Asia
Busan,35.1,129.0403,"Korea, South",Asia
Algiers,36.7764,3.0586,Algeria,Africa
Qincheng,34.5809,105.7311,China,Asia
Taiyuan,37.8733,112.5425,China,Asia
Shiyan,32.6351,110.7755,China,Asia
Lucknow,26.847,80.947,India,Asia
Chaoyang,41.5757,120.4486,China,Asia
Hechi,24.6928,108.085,China,Asia
Leshan,29.5854,103.7575,China,Asia
Yulinshi,38.2655,109.7388,China,Asia
Siping,43.1715,124.3644,China,Asia
Zhongshan,22.5333,113.35,China,Asia
Changzhi,36.1953,113.097,China,Asia
San Diego,32.8312,-117.1225,United States,North America
Faisalabad,31.418,73.079,Pakistan,Asia
Santa Cruz,-17.7892,-63.1975,Bolivia,Oceania
Qinhuangdao,39.9398,119.5881,China,Asia
Bazhou,31.8576,106.7559,China,Asia
Zhenjiang,32.2109,119.4551,China,Asia
Urumqi,43.8225,87.6125,China,Asia
Tongliao,43.6172,122.264,China,Asia
Heyuan,23.7503,114.6923,China,Asia
Tongren,27.7233,109.1885,China,Asia
Qinzhou,21.95,108.6167,China,Asia
Jaipur,26.9167,75.8667,India,Asia
Xinzhou,38.4178,112.7233,China,Asia
Addis Ababa,9.0272,38.7369,Ethiopia,Africa
Meishan,30.0575,103.8381,China,Asia
Brasilia,-15.7939,-47.8828,Brazil,Oceania
Mashhad,36.3069,59.6042,Iran,Asia
Jinzhou,41.1144,121.1292,China,Asia
Tieling,42.2841,123.8365,China,Asia
Shaoguan,24.8011,113.5927,China,Asia
Kuwait City,29.375,47.98,Kuwait,Asia
Shanwei,22.7664,115.3331,China,Asia
Minneapolis,44.9635,-93.2678,United States,North America
Kyiv,50.45,30.5236,Ukraine,Europe
Sanaa,15.35,44.2,Yemen,Asia
Quezon City,14.6333,121.0333,Philippines,Asia
Dingxi,35.5806,104.6263,China,Asia
Incheon,37.4639,126.6486,"Korea, South",Asia
Bursa,40.1833,29.0667,Turkey,Asia
Ningde,26.6667,119.5167,China,Asia
Tampa,27.9942,-82.4451,United States,North America
Daqing,46.5979,125.008,China,Asia
Birmingham,52.48,-1.9025,United Kingdom,Europe
Putian,25.4394,119.0103,China,Asia
Huzhou,30.8695,120.0958,China,Asia
Salvador,-12.9708,-38.5108,Brazil,Oceania
Wuzhou,23.4833,111.3167,China,Asia
Xiangtan,27.8431,112.9228,China,Asia
Denver,39.7621,-104.8759,United States,North America
Rome,41.8931,12.4828,Italy,Europe
La Paz,-16.4942,-68.1475,Bolivia,Oceania
Pyongyang,39.03,125.73,"Korea, North",Asia
Kano,12,8.5167,Nigeria,Africa
Taichung,24.15,120.6667,Taiwan,Asia
Omdurman,15.6835,32.4629,Sudan,Africa
Zigong,29.3498,104.7645,China,Asia
Mudanjiang,44.5861,129.5997,China,Asia
Huludao,40.7094,120.8378,China,Asia
Kaohsiung,22.6167,120.3,Taiwan,Asia
Guayaquil,-2.1833,-79.8833,Ecuador,Oceania
Rizhao,35.4164,119.4331,China,Asia
Manchester,53.4794,-2.2453,United Kingdom,Europe
Cawnpore,26.4725,80.3311,India,Asia
Baotou,40.6562,109.8345,China,Asia
Taipei,25.0478,121.5319,Taiwan,Asia
Nanping,26.6448,118.1728,China,Asia
Chaozhou,23.67,116.63,China,Asia
Longyan,25.0881,117.0244,China,Asia
Ibadan,7.3964,3.9167,Nigeria,Africa
Hohhot,40.8151,111.6629,China,Asia
Antananarivo,-18.9386,47.5214,Madagascar,Africa
Longba,33.535,105.349,China,Asia
Weihai,37.5,122.1,China,Asia
Chattogram,22.335,91.8325,Bangladesh,Asia
Santo Domingo,18.4764,-69.8933,Dominican Republic,North America
Xuanzhou,30.9475,118.7518,China,Asia
Sanming,26.2658,117.6302,China,Asia
Brooklyn,40.6501,-73.9496,United States,North America
Yangjiang,21.8556,111.9627,China,Asia
Medellin,6.2447,-75.5748,Colombia,Oceania
Yunfu,22.9242,112.0353,China,Asia
Brisbane,-27.4678,153.0281,Australia,Oceania
Baoshan,25.1211,99.169,China,Asia
Dubai,25.2697,55.3094,United Arab Emirates,Asia
Luohe,33.583,114.0109,China,Asia
Qinbaling,35.7278,107.64,China,Asia
Mirzapur,25.15,82.58,India,Asia
Guangyuan,32.4353,105.8398,China,Asia
Cali,3.44,-76.5197,Colombia,Oceania
Huangshi,30.2018,115.0326,China,Asia
Daegu,35.8667,128.6,"Korea, South",Asia
Fortaleza,-3.7275,-38.5275,Brazil,Oceania
Guatemala City,14.6099,-90.5252,Guatemala,North America
Yaounde,3.8578,11.5181,Cameroon,Africa
Douala,4.05,9.7,Cameroon,Africa
Jilin,43.85,126.55,China,Asia
Lianshan,40.7503,120.83,China,Asia
Lincang,23.8864,100.0871,China,Asia
Antalya,36.9081,30.6956,Turkey,Asia
Tashkent,41.3,69.2667,Uzbekistan,Asia
Bandung,-6.95,107.5667,Indonesia,Asia
Nagpur,21.1539,79.0831,India,Asia
Huainan,32.4831,117.0164,China,Asia
Dandong,40.1167,124.3833,China,Asia
Shangzhou,33.868,109.9244,China,Asia
Bekasi,-6.2333,107,Indonesia,Asia
Ghaziabad,28.6667,77.4167,India,Asia
Tijuana,32.525,-117.0333,Mexico,North America
Jiamusi,46.8081,130.3653,China,Asia
Accra,5.6037,-0.187,Ghana,Africa
Yuxi,24.3495,102.5432,China,Asia
Anshun,26.2456,105.934,China,Asia
Vancouver,49.25,-123.1,Canada,North America
Tangerang,-6.1783,106.6319,Indonesia,Asia
Konya,37.8714,32.4847,Turkey,Asia
Queens,40.7498,-73.7976,United States,North America
Yingkou,40.6653,122.2297,China,Asia
Adana,37,35.325,Turkey,Asia
Medan,3.6667,98.6667,Indonesia,Asia
Sanmenxia,34.7736,111.195,China,Asia
Indore,22.7206,75.8472,India,Asia
Ma'anshan,31.7135,118.3605,China,Asia
Pingliang,35.5412,106.6819,China,Asia
Quzhou,28.9545,118.8763,China,Asia
Baku,40.3667,49.8352,Azerbaijan,Europe
Gaoping,30.7804,106.13,China,Asia
Huaibei,33.9562,116.789,China,Asia
Xining,36.6239,101.7787,China,Asia
Harare,-17.8292,31.0522,Zimbabwe,Africa
Yan'an,36.5952,109.4863,China,Asia
Havana,23.1367,-82.3589,Cuba,North America
Phnom Penh,11.5696,104.921,Cambodia,Asia
Fukuoka,33.6,130.4167,Japan,Asia
Mogadishu,2.0408,45.3425,Somalia,Africa
Jincheng,35.4906,112.8483,China,Asia
Puning,23.2993,116.1586,China,Asia
Lishui,28.45,119.9167,China,Asia
Qingyang,24.8141,118.5792,China,Asia
Riverside,33.9381,-117.3948,United States,North America
Baltimore,39.3051,-76.6144,United States,North America
Haiphong,20.8,106.6667,Vietnam,Asia
Las Vegas,36.2333,-115.2654,United States,North America
Laibin,23.7333,109.2333,China,Asia
Rawalpindi,33.6007,73.0679,Pakistan,Asia
Kumasi,6.6833,-1.6167,Ghana,Africa
Portland,45.5372,-122.65,United States,North America
Vadodara,22.3,73.2,India,Asia
Perth,-31.9522,115.8589,Australia,Oceania
San Antonio,29.4658,-98.5253,United States,North America
Vishakhapatnam,17.7333,83.3167,India,Asia
Gujranwala,32.15,74.1833,Pakistan,Asia
Gaziantep,37.0667,37.3833,Turkey,Asia
Fushun,41.8708,123.8917,China,Asia
St. Louis,38.6358,-90.2451,United States,North America
Bamako,12.6458,-7.9922,Mali,Africa
Quito,-0.2186,-78.5097,Ecuador,Oceania
Minsk,53.9022,27.5618,Belarus,Europe
Pingxiang,27.6333,113.85,China,Asia
Chongzuo,22.4167,107.3667,China,Asia
Sanliurfa,37.1583,38.7917,Turkey,Asia
Kananga,-5.897,22.4488,Congo (Kinshasa),Africa
Peshawar,34,71.5,Pakistan,Asia
Sapporo,43.0621,141.3544,Japan,Asia
Hezhou,24.4164,111.5478,China,Asia
Jixi,45.2937,130.965,China,Asia
Caracas,10.5,-66.9333,Venezuela,Oceania
Fuxin,42.0127,121.6486,China,Asia
Aleppo,36.2,37.15,Syria,Asia
Almaty,43.25,76.9,Kazakhstan,Asia
Dayr az Zawr,35.3333,40.15,Syria,Asia
Vienna,48.2083,16.3731,Austria,Europe
Leeds,53.7997,-1.5492,United Kingdom,Europe
Sacramento,38.5667,-121.4683,United States,North America
Blantyre,-15.7861,35.0058,Malawi,Africa
Tainan,22.9833,120.1833,Taiwan,Asia
Zhuhai,22.2769,113.5678,China,Asia
Bucharest,44.4,26.0833,Romania,Europe
Wuwei,37.9278,102.6329,China,Asia
Bhopal,23.25,77.4167,India,Asia
Curitiba,-25.4297,-49.2719,Brazil,Oceania
Multan,30.1978,71.4711,Pakistan,Asia
Xiping,40.08,113.3,China,Asia
Asuncion,-25.3,-57.6333,Paraguay,Oceania
Saidu Sharif,34.75,72.3572,Pakistan,Asia
Hamburg,53.55,10,Germany,Europe
Meru,0.05,37.65,Kenya,Africa
Brazzaville,-4.2667,15.2833,Congo (Brazzaville),Africa
Orlando,28.4772,-81.3369,United States,North America
Mersin,36.8,34.6167,Turkey,Asia
Kyoto,35.0111,135.7669,Japan,Asia
Manaus,-3.1,-60.0167,Brazil,Oceania
Liaoyang,41.2643,123.1772,China,Asia
Baiyin,36.5448,104.1766,China,Asia
San Jose,37.3019,-121.8486,United States,North America
Warsaw,52.2167,21.0333,Poland,Europe
Shengli,37.45,118.4667,China,Asia
Lubumbashi,-11.6697,27.4581,Congo (Kinshasa),Africa
Haikou,20.02,110.32,China,Asia
Damascus,33.5131,36.2919,Syria,Asia
Shuyangzha,34.1299,118.7734,China,Asia
Brussels,50.8333,4.3333,Belgium,Europe
Esfahan,32.6447,51.6675,Iran,Asia
Budapest,47.4983,19.0408,Hungary,Europe
Heihe,50.2458,127.4886,China,Asia
Lusaka,-15.4167,28.2833,Zambia,Africa
Hyderabad City,25.3792,68.3683,Pakistan,Asia
Diyarbakir,37.9108,40.2367,Turkey,Asia
Chinchvad,18.6278,73.8131,India,Asia
Shuozhou,39.3408,112.4292,China,Asia
Cleveland,41.4767,-81.6804,United States,North America
Pittsburgh,40.4396,-79.9762,United States,North America
Patna,25.61,85.1414,India,Asia
Mosul,36.3667,43.1167,Iraq,Asia
Austin,30.3004,-97.7522,United States,North America
Sanzhou,30.82,108.4,China,Asia
Mecca,21.4225,39.8261,Saudi Arabia,Asia
Conakry,9.5092,-13.7122,Guinea,Africa
Kampala,0.3136,32.5811,Uganda,Africa
Ecatepec,19.6097,-99.06,Mexico,North America
Cincinnati,39.1413,-84.5061,United States,North America
Makassar,-5.1331,119.4136,Indonesia,Asia
Yushan,31.3867,120.9766,China,Asia
Ludhiana,30.9083,75.8486,India,Asia
Newcastle,55.0077,-1.6578,United Kingdom,Europe
Depok,-6.394,106.8225,Indonesia,Asia
Zhongli,24.965,121.2168,Taiwan,Asia
Kansas City,39.1239,-94.5541,United States,North America
Ouagadougou,12.3572,-1.5353,Burkina Faso,Africa
Davao,7.0667,125.6,Philippines,Asia
Manhattan,40.7834,-73.9662,United States,North America
Semarang,-6.9667,110.4167,Indonesia,Asia
Yinchuan,38.4795,106.2254,China,Asia
Caloocan City,14.65,120.9667,Philippines,Asia
Novosibirsk,55.0333,82.9167,Russia,Europe
Chengtangcun,35.0833,117.15,China,Asia
Agra,27.18,78.02,India,Asia
Karaj,35.8327,50.9915,Iran,Asia
Indianapolis,39.7771,-86.1458,United States,North America
Jingdezhen,29.2942,117.2036,China,Asia
Puebla,19.0333,-98.1833,Mexico,North America
Kalyan,19.2502,73.1602,India,Asia
Madurai,9.9197,78.1194,India,Asia
Benxi,41.292,123.761,China,Asia
Jamshedpur,22.8,86.1833,India,Asia
Recife,-8.0539,-34.8808,Brazil,Oceania
Columbus,39.9862,-82.985,United States,North America
Tabriz,38.0833,46.2833,Iran,Asia
Maracaibo,10.6333,-71.6333,Venezuela,Oceania
Zhangjiajie,29.1255,110.4844,China,Asia
Beihai,21.4667,109.1,China,Asia
Shuangyashan,46.6388,131.1545,China,Asia
Kobe,34.6913,135.183,Japan,Asia
Charlotte,35.208,-80.8304,United States,North America
Yucheng,29.9888,103.0007,China,Asia
Changshu,31.65,120.7333,China,Asia
Lianjiang,21.6146,110.2794,China,Asia
Ximeicun,24.9633,118.3811,China,Asia
Jianguang,28.1958,115.7833,China,Asia
Madinat as Sadis min Uktubar,29.9361,30.9269,Egypt,Africa
Xushan,30.1697,121.2665,China,Asia
Belem,-1.4558,-48.5039,Brazil,Oceania
Guiping,23.4,110.0833,China,Asia
Leizhou,20.9147,110.0806,China,Asia
Gwangju,35.1667,126.9167,"Korea, South",Asia
Nasik,20,73.7833,India,Asia
Porto Alegre,-30.0328,-51.23,Brazil,Oceania
Valencia,10.1667,-68,Venezuela,Oceania
Onitsha,6.1667,6.7833,Nigeria,Africa
Virginia Beach,36.7335,-76.0435,United States,North America
Daejeon,36.351,127.385,"Korea, South",Asia
Munich,48.1372,11.5755,Germany,Europe
Auckland,-36.85,174.7833,New Zealand,Oceania
Yekaterinburg,56.8356,60.6128,Russia,Europe
Huangshan,29.7132,118.3151,China,Asia
Huazhou,32.6889,112.0447,China,Asia
Shiraz,29.61,52.5425,Iran,Asia
Pizhou,34.3422,118.0097,China,Asia
Palembang,-2.9833,104.7644,Indonesia,Asia
Leon de los Aldama,21.1167,-101.6833,Mexico,North America
El Kelaa des Srarhna,32.05,-7.4,Morocco,Africa
Kharkiv,50,36.2292,Ukraine,Europe
Kawanakajima,35.53,139.705,Japan,Asia
Yangshe,31.8775,120.5512,China,Asia
Chizhou,30.6583,117.4849,China,Asia
Guyuan,36.008,106.2782,China,Asia
Rui'an,27.778,120.6526,China,Asia
Birstall,52.6736,-1.12,United Kingdom,Europe
Muscat,23.6139,58.5922,Oman,Asia
Hebi,35.7497,114.2887,China,Asia
Bronx,40.8501,-73.8662,United States,North America
Gaozhou,21.9135,110.8481,China,Asia
The Hague,52.0767,4.2986,Netherlands,Europe
Owerri,5.4833,7.0333,Nigeria,Africa
Sharjah,25.3575,55.3919,United Arab Emirates,Asia
Faridabad,28.4333,77.3167,India,Asia
Ulaanbaatar,47.9203,106.9172,Mongolia,Asia
Goiania,-16.6806,-49.2564,Brazil,Oceania
Kayseri,38.7333,35.4833,Turkey,Asia
Yueqing,28.1188,120.9621,China,Asia
Belgrade,44.8167,20.4667,Serbia,Europe
Pingdu,36.7833,119.9556,China,Asia
Milan,45.4669,9.19,Italy,Europe
Aurangabad,19.88,75.32,India,Asia
Yutan,28.3147,112.554,China,Asia
Wenling,28.3797,121.3718,China,Asia
Milwaukee,43.0642,-87.9673,United States,North America
Sofia,42.6979,23.3217,Bulgaria,Europe
Adelaide,-34.9289,138.6011,Australia,Oceania
Prague,50.0833,14.4167,Czechia,Europe
Samsun,41.2867,36.33,Turkey,Asia
Rajkot,22.2969,70.7984,India,Asia
Liangshi,27.2578,111.7351,China,Asia
Khulna,22.8167,89.55,Bangladesh,Asia
Cordoba,-31.4167,-64.1833,Argentina,Oceania
Guarulhos,-23.4667,-46.5333,Brazil,Oceania
Juarez,31.7386,-106.487,Mexico,North America
Saitama,35.8617,139.6453,Japan,Asia
Montevideo,-34.8667,-56.1667,Uruguay,Oceania
Mbuji-Mayi,-6.1209,23.5967,Congo (Kinshasa),Africa
Fuqing,25.7232,119.3735,China,Asia
Xintai,35.91,117.78,China,Asia
Doha,25.3,51.5333,Qatar,Asia
Hiroshima,34.4,132.45,Japan,Asia
Meerut,28.99,77.7,India,Asia
Yushu,44.8249,126.5451,China,Asia
Rongcheng,26.2312,104.0966,China,Asia
Huazhou,21.654,110.6294,China,Asia
Yangquan,37.8576,113.5762,China,Asia
Haicheng,40.8523,122.7474,China,Asia
Yingtan,28.2333,117,China,Asia
Huaiyin,33.58,119.03,China,Asia
Wuzhong,37.9874,106.1919,China,Asia
Barranquilla,10.9639,-74.7964,Colombia,Oceania
Jabalpur,23.1667,79.9333,India,Asia
Thane,19.18,72.9633,India,Asia
Zhangye,38.9355,100.4553,China,Asia
Rucheng,32.3852,120.5634,China,Asia
Nizhniy Novgorod,56.3269,44.0075,Russia,Europe
Comayaguela,14.0833,-87.2167,Honduras,North America
Shaoyang,32.9387,119.8404,China,Asia
Dhanbad,23.7928,86.435,India,Asia
Yichun,47.7235,128.8893,China,Asia
Laiwu,36.1833,117.6667,China,Asia
Jingling,30.6667,113.1667,China,Asia
Kazan,55.7908,49.1144,Russia,Europe
Dayan,26.8808,100.2208,China,Asia
Suwon,37.2858,127.01,"Korea, South",Asia
Jiangyin,31.9087,120.2653,China,Asia
Yongcheng,33.9317,116.4459,China,Asia
Calgary,51.05,-114.0667,Canada,North America
Can Tho,10.0333,105.7833,Vietnam,Asia
Abuja,9.0556,7.4914,Nigeria,Africa
Yiwu,29.3081,120.0698,China,Asia
Mandalay,21.9769,96.0869,Myanmar,Asia
Beidao,34.6,105.92,China,Asia
Al Basrah,30.4889,47.81,Iraq,Asia
Shuangshui,26.5944,104.8333,China,Asia
Vila Velha,3.2167,-51.2167,Brazil,Oceania
Allahabad,25.455,81.84,India,Asia
Varanasi,25.3189,83.0128,India,Asia
Chelyabinsk,55.15,61.4,Russia,Europe
Mombasa,-4.05,39.6667,Kenya,Africa
Providence,41.823,-71.4187,United States,North America
Qom,34.6461,50.8789,Iran,Asia
Maiduguri,11.8333,13.15,Nigeria,Africa
Maputo,-25.9153,32.5764,Mozambique,Africa
Rosario,-32.9575,-60.6394,Argentina,Oceania
Benin City,6.3176,5.6145,Nigeria,Africa
Xinyu,27.795,114.9242,China,Asia
Pikine,14.75,-17.4,Senegal,Africa
Ahvaz,31.3203,48.6692,Iran,Asia
Dublin,53.3497,-6.2603,Ireland,Europe
Jacksonville,30.3322,-81.6749,United States,North America
Medina,24.4667,39.6,Saudi Arabia,Asia
Srinagar,34.0911,74.8061,India,Asia
Omsk,54.9667,73.3833,Russia,Europe
Cilacap,-7.7167,109.017,Indonesia,Asia
Bandar Lampung,-5.4294,105.2625,Indonesia,Asia
Samara,53.1833,50.1167,Russia,Europe
Guankou,28.1417,113.625,China,Asia
Ulsan,35.55,129.3167,"Korea, South",Asia
Dingzhou,38.5158,114.9845,China,Asia
Campinas,-22.9009,-47.0573,Brazil,Oceania
Lianyuan,27.6961,111.6659,China,Asia
Rongcheng,29.8239,112.9019,China,Asia
Kaiyuan,36.0656,113.8153,China,Asia
Nay Pyi Taw,19.7475,96.115,Myanmar,Asia
Dakar,14.7319,-17.4572,Senegal,Africa
Zhuji,29.7169,120.2314,China,Asia
Kigali,-1.9536,30.0606,Rwanda,Africa
Zapopan,20.7167,-103.4,Mexico,North America
Leiyang,26.4179,112.8457,China,Asia
Santiago,19.45,-70.7,Dominican Republic,North America
Dadukou,26.5849,101.7149,China,Asia
Xiantao,30.3833,113.4,China,Asia
Amritsar,31.6167,74.85,India,Asia
Callao,-12.0611,-77.1333,Peru,Oceania
Aligarh,27.88,78.08,India,Asia
Yingchuan,34.1511,113.4733,China,Asia
Tegucigalpa,14.0942,-87.2067,Honduras,North America
Ciudad Nezahualcoyotl,19.41,-99.03,Mexico,North America
Tripoli,32.8752,13.1875,Libya,Africa
Rostov,47.2333,39.7167,Russia,Europe
Nezahualcoyotl,19.4,-98.9889,Mexico,North America
Bhiwandi,19.3,73.0667,India,Asia
Zhoushan,30.0162,122.0988,China,Asia
Tbilisi,41.7225,44.7925,Georgia,Europe
Ufa,54.7333,55.9667,Russia,Europe
Fes,34.0433,-5.0033,Morocco,Africa
Sevilla,37.39,-5.99,Spain,Europe
Mexicali,32.6633,-115.4678,Mexico,North America
Bien Hoa,10.9277,106.8681,Vietnam,Asia
Gwalior,26.215,78.1931,India,Asia
Ankang,32.6877,109.0235,China,Asia
Ikare,7.5304,5.76,Nigeria,Africa
Huambo,-12.7667,15.7333,Angola,Africa
Hegang,47.3139,130.2775,China,Asia
Salt Lake City,40.7777,-111.9306,United States,North America
Bhilai,21.2167,81.4333,India,Asia
Yuyao,30.0372,121.1546,China,Asia
N'Djamena,12.11,15.05,Chad,Africa
Hanchuan,30.652,113.8274,China,Asia
Gongzhuling,43.5036,124.8088,China,Asia
Irbid,32.5556,35.85,Jordan,Asia
Haora,22.59,88.31,India,Asia
Cologne,50.9422,6.9578,Germany,Europe
Krasnoyarsk,56.0167,92.8667,Russia,Europe
Yicheng,31.3697,119.8239,China,Asia
Sao Goncalo,-22.8269,-43.0539,Brazil,Oceania
Nashville,36.1715,-86.7843,United States,North America
Yerevan,40.1814,44.5144,Armenia,Europe
Ranchi,23.3556,85.3347,India,Asia
Nur-Sultan,51.1333,71.4333,Kazakhstan,Asia
Nouakchott,18.0858,-15.9785,Mauritania,Africa
Vereeniging,-26.6736,27.9319,South Africa,Africa
Richmond,37.5295,-77.4756,United States,North America
Sao Luis,-2.53,-44.3028,Brazil,Oceania
San Pedro Sula,15.5,-88.0333,Honduras,North America
Taixing,32.1724,120.0142,China,Asia
Memphis,35.1046,-89.9773,United States,North America
Goyang,37.6564,126.835,"Korea, South",Asia
Bezwada,16.5167,80.6167,India,Asia
Edmonton,53.5344,-113.4903,Canada,North America
Mizhou,35.99,119.3801,China,Asia
Tunis,36.8008,10.18,Tunisia,Africa
Xishan,27.6609,113.4946,China,Asia
Ezhou,30.3972,114.8842,China,Asia
Barquisimeto,10.0678,-69.3467,Venezuela,Oceania
Sendai,38.2683,140.8694,Japan,Asia
Voronezh,51.6717,39.2106,Russia,Europe
Perm,58.0139,56.2489,Russia,Europe
Changwon,35.2281,128.6811,"Korea, South",Asia
Zhongwei,37.5139,105.1884,China,Asia
Shouguang,36.8833,118.7333,China,Asia
Bogor,-6.6,106.8,Indonesia,Asia
Raleigh,35.8325,-78.6435,United States,North America
Cartagena,10.4236,-75.5253,Colombia,Oceania
Chandigarh,30.7353,76.7911,India,Asia
Bishkek,42.8667,74.5667,Kyrgyzstan,Asia
Matola,-25.9667,32.4667,Mozambique,Africa
Ogbomoso,8.1333,4.25,Nigeria,Africa
Ashgabat,37.95,58.3833,Turkmenistan,Asia
Maceio,-9.6658,-35.735,Brazil,Oceania
Niamey,13.5086,2.1111,Niger,Africa
Managua,12.15,-86.2667,Nicaragua,North America
Patam,1.0678,104.0167,Indonesia,Asia
Tekirdag,40.9833,27.5167,Turkey,Asia
Shubra al Khaymah,30.1286,31.2422,Egypt,Africa
Linhai,28.8523,121.1409,China,Asia
Monrovia,6.3106,-10.8047,Liberia,Africa
Wafangdian,39.6271,121.9972,China,Asia
Zhongxiang,31.169,112.5853,China,Asia
Odesa,46.4775,30.7326,Ukraine,Europe
Shymkent,42.3,69.6,Kazakhstan,Asia
New Orleans,30.0687,-89.9288,United States,North America
Thu Duc,10.8199,106.7909,Vietnam,Asia
Volgograd,48.7086,44.5147,Russia,Europe
Port-au-Prince,18.5425,-72.3386,Haiti,North America
Islamabad,33.6989,73.0369,Pakistan,Asia
Mysore,12.3086,76.6531,India,Asia
Xinyi,22.3559,110.9369,China,Asia
Kathmandu,27.7167,85.3667,Nepal,Asia
Raipur,21.2379,81.6337,India,Asia
Nice,43.7034,7.2663,France,Europe
Arequipa,-16.3988,-71.5369,Peru,Oceania
Port Harcourt,4.75,7,Nigeria,Africa
Louisville,38.1663,-85.6485,United States,North America
Zaoyang,32.1287,112.7581,China,Asia
Shuizhai,33.4433,114.8994,China,Asia
Dnipro,48.45,34.9833,Ukraine,Europe
Kota,25.18,75.83,India,Asia
Quetta,30.192,67.007,Pakistan,Asia
Abu Dhabi,24.4781,54.3686,United Arab Emirates,Asia
Stockholm,59.3294,18.0686,Sweden,Europe
Ottawa,45.4247,-75.695,Canada,North America
Asmara,15.3333,38.9167,Eritrea,Africa
Freetown,8.4833,-13.2331,Sierra Leone,Africa
Jerusalem,31.7833,35.2167,Israel,Asia
Bangui,4.3732,18.5628,Central African Republic,Africa
Panama City,9,-79.5,Panama,North America
Amsterdam,52.3667,4.8833,Netherlands,Europe
Lome,6.1319,1.2228,Togo,Africa
Libreville,0.3901,9.4544,Gabon,Africa
Zagreb,45.8,15.95,Croatia,Europe
Dushanbe,38.5731,68.7864,Tajikistan,Asia
Lilongwe,-13.9833,33.7833,Malawi,Africa
Cotonou,6.4,2.52,Benin,Africa
Vientiane,17.9667,102.6,Laos,Asia
Colombo,6.9167,79.8333,Sri Lanka,Asia
Pretoria,-25.7464,28.1881,South Africa,Africa
Winnipeg,49.8844,-97.1464,Canada,North America
Quebec City,46.8139,-71.2081,Canada,North America
Oslo,59.9111,10.7528,Norway,Europe
Athens,37.9842,23.7281,Greece,Europe
Bujumbura,-3.3825,29.3611,Burundi,Africa
Helsinki,60.1756,24.9342,Finland,Europe
Skopje,41.9833,21.4333,Macedonia,Europe
Chisinau,47.0228,28.8353,Moldova,Europe
Riga,56.9475,24.1069,Latvia,Europe
Copenhagen,55.6761,12.5689,Denmark,Europe
Kingston,17.9714,-76.7931,Jamaica,North America
Rabat,34.0253,-6.8361,Morocco,Africa
Vilnius,54.6833,25.2833,Lithuania,Europe
San Salvador,13.6989,-89.1914,El Salvador,North America
Djibouti,11.595,43.1481,Djibouti,Africa
Lisbon,38.7452,-9.1604,Portugal,Europe
Kitchener,43.4186,-80.4728,Canada,North America
Tallinn,59.4372,24.745,Estonia,Europe
Cape Town,-33.925,18.425,South Africa,Africa
Bratislava,48.1447,17.1128,Slovakia,Europe
Tirana,41.33,19.82,Albania,Europe
Canberra,-35.2931,149.1269,Australia,Oceania
Wellington,-41.2889,174.7772,New Zealand,Oceania
Beirut,33.8869,35.5131,Lebanon,Asia
Dodoma,-6.1835,35.746,Tanzania,Africa
Halifax,44.6475,-63.5906,Canada,North America
Bissau,11.8592,-15.5956,Guinea-Bissau,Africa
Juba,4.85,31.6,South Sudan,Africa
Port Moresby,-9.4789,147.1494,Papua New Guinea,Oceania
Yamoussoukro,6.8161,-5.2742,Ivory Coast,Africa
Victoria,48.4283,-123.3647,Canada,North America
Maseru,-29.31,27.48,Lesotho,Africa
Nicosia,35.1725,33.365,Cyprus,Europe
Windhoek,-22.57,17.0836,Namibia,Africa
Porto-Novo,6.4833,2.6167,Benin,Africa
Sucre,-19.0431,-65.2592,Bolivia,Oceania
San Jose,9.9333,-84.0833,Costa Rica,North America
Ljubljana,46.05,14.5167,Slovenia,Europe
Sarajevo,43.8667,18.4167,Bosnia And Herzegovina,Europe
Nassau,25.0667,-77.3333,"Bahamas, The",North America
Bloemfontein,-29.1,26.2167,South Africa,Africa
Fort-de-France,14.6104,-61.08,Martinique,North America
Gaborone,-24.6569,25.9086,Botswana,Africa
Paramaribo,5.8667,-55.1667,Suriname,Oceania
Dili,-8.5586,125.5736,East Timor,Asia
Pristina,42.6667,21.1667,Kosovo,Europe
Georgetown,6.7833,-58.1667,Guyana,Oceania
Malabo,3.7521,8.7737,Equatorial Guinea,Africa
Gibraltar,36.1324,-5.3781,Gibraltar,Europe
Saint-Denis,-20.8789,55.4481,Reunion,Africa
Male,4.175,73.5083,Maldives,Asia
Podgorica,42.4397,19.2661,Montenegro,Europe
Manama,26.225,50.5775,Bahrain,Asia
Port Louis,-20.1667,57.5,Mauritius,Africa
Willemstad,12.108,-68.935,Curazao,North America
New Delhi,28.7,77.2,India,Asia
Bern,46.948,7.4474,Switzerland,Europe
Papeete,-17.5334,-149.5667,French Polynesia,Oceania
Reykjavik,64.1475,-21.935,Iceland,Europe
Praia,14.9177,-23.5092,Cabo Verde,Africa
Luxembourg,49.6106,6.1328,Luxembourg,Europe
Sri Jayewardenepura Kotte,6.9,79.9164,Sri Lanka,Asia
Bridgetown,13.0975,-59.6167,Barbados,North America
Moroni,-11.7036,43.2536,Comoros,Africa
Thimphu,27.4833,89.6333,Bhutan,Asia
Mbabane,-26.3208,31.1617,Swaziland,Africa
Noumea,-22.2625,166.4443,New Caledonia,Oceania
Honiara,-9.4333,159.95,Solomon Islands,Oceania
Suva,-18.1333,178.4333,Fiji,Oceania
Castries,14.0167,-60.9833,Saint Lucia,North America
Cayenne,4.933,-52.33,French Guiana,South America
Sao Tome,0.3333,6.7333,Sao Tome And Principe,Africa
Port-Vila,-17.7333,168.3167,Vanuatu,Oceania
Hamilton,32.2942,-64.7839,Bermuda,North America
Bandar Seri Begawan,4.9167,114.9167,Brunei,Asia
Monaco,43.7396,7.4069,Monaco,Europe
Gitega,-3.4264,29.9306,Burundi,Africa
Port of Spain,10.6667,-61.5167,Trinidad And Tobago,North America
Apia,-13.8333,-171.8333,Samoa,Oceania
Douglas,54.15,-4.4819,Isle Of Man,Europe
Oranjestad,12.5186,-70.0358,Aruba,North America
Saint Helier,49.1833,-2.1167,Jersey,Europe
Vaduz,47.1415,9.5215,Liechtenstein,Europe
Banjul,13.4531,-16.5775,"Gambia, The",Africa
Mamoudzou,-12.7871,45.275,Mayotte,Africa
Majuro,7.0918,171.3802,Marshall Islands,Oceania
Tarawa,1.3382,173.0176,Kiribati,Oceania
George Town,19.2866,-81.3744,Cayman Islands,North America
Victoria,-4.6236,55.4544,Seychelles,Africa
Kingstown,13.1667,-61.2333,Saint Vincent And The Grenadines,North America
Saint John's,17.1211,-61.8447,Antigua And Barbuda,North America
Nuku`alofa,-21.1347,-175.2083,Tonga,Oceania
Andorra la Vella,42.5,1.5,Andorra,Europe
Nuuk,64.175,-51.7333,Greenland,North America
Belmopan,17.25,-88.7675,Belize,North America
Roseau,15.3,-61.3833,Dominica,North America
Basseterre,17.2983,-62.7342,Saint Kitts And Nevis,North America
Torshavn,62,-6.7833,Faroe Islands,Europe
Pago Pago,-14.274,-170.7046,American Samoa,Oceania
Valletta,35.8978,14.5125,Malta,Europe
Gaza,31.5069,34.456,Gaza Strip,Africa
Grand Turk,21.4664,-71.136,Turks And Caicos Islands,North America
Palikir,6.9178,158.185,"Micronesia, Federated States Of",Oceania
Funafuti,-8.5167,179.2167,Tuvalu,Oceania
Lobamba,-26.4465,31.2064,Swaziland,Africa
Avarua,-21.207,-159.771,Cook Islands,Oceania
Saint George's,12.0444,-61.7417,Grenada,North America
San Marino,43.932,12.4484,San Marino,Europe
Al Quds,31.7764,35.2269,West Bank,Africa
Capitol Hill,15.2137,145.7546,Northern Mariana Islands,Oceania
Basse-Terre,16,-61.7167,Guadeloupe,North America
Stanley,-51.7,-57.85,Falkland Islands (Islas Malvinas),South America
Vatican City,41.9,12.4478,Vatican City,Europe
Alofi,-19.056,-169.921,Niue,Oceania
Hagta,13.4745,144.7504,Guam,Oceania
Jamestown,-15.9251,-5.7179,"Saint Helena, Ascension, And Tristan Da Cunha",Africa
Marigot,18.0706,-63.0847,Saint Martin,Oceania
Philipsburg,18.0256,-63.0492,Sint Maarten,Oceania
Road Town,18.4167,-64.6167,"Virgin Islands, British",Oceania
Gustavia,17.8958,-62.8508,Saint Barthelemy,Oceania
Saint-Pierre,46.7811,-56.1764,Saint Pierre And Miquelon,Oceania
The Valley,18.2167,-63.05,Anguilla,Oceania
Mata-Utu,-13.2825,-176.1736,Wallis And Futuna,Oceania
Kingston,-29.0569,167.9617,Norfolk Island,Oceania
Ngerulmud,7.5006,134.6242,Palau,Oceania
Tifariti,26.0928,-10.6089,Morocco,Africa
Tifariti,26.0928,-10.6089,Western Sahara,Oceania
Longyearbyen,78.2167,15.6333,Svalbard,Oceania
Adamstown,-25.0667,-130.0833,Pitcairn Islands,Oceania
Flying Fish Cove,-10.4167,105.7167,Christmas Island,Oceania
Bareilly,28.364,79.415,India,Asia
Quang Ha,16.06,108.25,Vietnam,Asia
Soacha,4.5781,-74.2144,Colombia,Oceania
Kitaku,33.8704,130.82,Japan,Asia
Jodhpur,26.2918,73.0168,India,Asia
Xingcheng,24.1681,115.6669,China,Asia
Dongtai,32.8534,120.3037,China,Asia
Yingcheng,24.1878,113.4042,China,Asia
Al Mansurah,31.05,31.3833,Egypt,Africa
Glasgow,55.8609,-4.2514,United Kingdom,Europe
Chiba,35.6,140.1,Japan,Asia
Luocheng,22.7645,111.5745,China,Asia
Danyang,31.9948,119.575,China,Asia
Natal,-6.9838,-60.2699,Brazil,Oceania
Zhaodong,46.0635,125.9773,China,Asia
Nada,19.5,109.5833,China,Asia
Xibeijie,39.737,98.5049,China,Asia
Kirkuk,35.4667,44.4,Iraq,Asia
Naples,40.8333,14.25,Italy,Europe
Wuchuan,21.4283,110.7749,China,Asia
Huilong,31.8131,121.6574,China,Asia
Oklahoma City,35.4676,-97.5136,United States,North America
Toulouse,43.6045,1.444,France,Europe
Malaga,36.7194,-4.42,Spain,Europe
Denizli,37.7731,29.0878,Turkey,Asia
Dispur,26.15,91.77,India,Asia
Coimbatore,11,76.9667,India,Asia
Guwahati,26.1667,91.7667,India,Asia
Songnam,37.4386,127.1378,"Korea, South",Asia
Taishan,22.2486,112.785,China,Asia
Solapur,17.6833,75.9167,India,Asia
Tangier,35.7767,-5.8039,Morocco,Africa
Anqiu,36.3619,119.1072,China,Asia
Feicheng,36.186,116.772,China,Asia
Meishan,34.1736,112.839,China,Asia
Kisangani,0.5153,25.1911,Congo (Kinshasa),Africa
Khartoum North,15.6333,32.6333,Sudan,Africa
Aguascalientes,21.876,-102.296,Mexico,North America
Marrakech,31.6295,-7.9811,Morocco,Africa
Donetsk,48.0089,37.8042,Ukraine,Europe
Taihecun,45.768,131.0063,China,Asia
Trujillo,-8.1119,-79.0289,Peru,Oceania
Cebu City,10.3,123.9,Philippines,Asia
Taihe,30.8706,105.3784,China,Asia
Bridgeport,41.1918,-73.1953,United States,North America
Antwerp,51.2206,4.4003,Belgium,Europe
Trichinopoly,10.8269,78.6928,India,Asia
Xin'an,34.3662,118.3369,China,Asia
Padang,-0.9556,100.3606,Indonesia,Asia
Qingzhou,36.6967,118.4797,China,Asia
Buffalo,42.9016,-78.8487,United States,North America
Lichuan,30.2965,108.9378,China,Asia
Daye,30.1003,114.9699,China,Asia
Fort Worth,32.7811,-97.3473,United States,North America
Hengzhou,22.6896,109.2674,China,Asia
Campo Grande,-20.4686,-54.6222,Brazil,Oceania
Zhuanghe,39.6896,122.9664,China,Asia
Hartford,41.7661,-72.6834,United States,North America
Ad Dammam,26.4333,50.1,Saudi Arabia,Asia
Bucheon,37.4989,126.7831,"Korea, South",Asia
Lhasa,29.65,91.1,China,Asia
Homs,34.7333,36.7167,Syria,Asia
Jiaozhou,36.2481,119.9625,China,Asia
Merida,20.97,-89.62,Mexico,North America
Yangchun,22.1717,111.7846,China,Asia
Concepcion,-36.82,-73.0445,Chile,Oceania
Dengtalu,36.08,114.35,China,Asia
Hubli,15.36,75.125,India,Asia
Abeokuta,7.15,3.35,Nigeria,Africa
Tucson,32.1545,-110.8782,United States,North America
Krasnodar,45.0333,38.9833,Russia,Europe
Natal,-5.795,-35.2089,Brazil,Oceania
Chihuahua,28.6353,-106.0889,Mexico,North America
Klang,3.0333,101.45,Malaysia,Asia
Turin,45.0667,7.7,Italy,Europe
Jos,9.9333,8.8833,Nigeria,Africa
Laiyang,36.9758,120.7136,China,Asia
Jalandhar,31.3256,75.5792,India,Asia
Sale,34.05,-6.8167,Morocco,Africa
Marseille,43.2964,5.37,France,Europe
Kaifeng Chengguanzhen,34.85,114.35,China,Asia
Eskisehir,39.7767,30.5206,Turkey,Asia
Gaomi,36.3833,119.75,China,Asia
Teresina,-5.0949,-42.8042,Brazil,Oceania
Ipoh,4.6,101.07,Malaysia,Asia
Hai'an,32.532,120.4604,China,Asia
Liverpool,53.4,-2.9833,United Kingdom,Europe
Zamboanga City,6.9167,122.0833,Philippines,Asia
Oran,35.6969,-0.6331,Algeria,Africa
Southampton,50.9,-1.4,United Kingdom,Europe
Weichanglu,37.1792,119.9333,China,Asia
Pekanbaru,0.5333,101.45,Indonesia,Asia
Portsmouth,50.8058,-1.0872,United Kingdom,Europe
Leping,28.9632,117.1203,China,Asia
Kermanshah,34.3167,47.0686,Iran,Asia
Hailun,47.4585,126.9632,China,Asia
Macheng,31.1817,115.0189,China,Asia
Ilorin,8.5,4.55,Nigeria,Africa
Omaha,41.2627,-96.0522,United States,North America
Yuci,37.6804,112.73,China,Asia
Saratov,51.5333,46,Russia,Europe
Sao Bernardo do Campo,-23.6939,-46.565,Brazil,Oceania
Erbil,36.1911,44.0094,Iraq,Asia
Iguacu,-22.74,-43.47,Brazil,Oceania
El Paso,31.8479,-106.4309,United States,North America
Denpasar,-8.6667,115.2167,Indonesia,Asia
Dehui,44.5323,125.6965,China,Asia
Naucalpan de Juarez,19.4753,-99.2378,Mexico,North America
Bhubaneshwar,20.2644,85.8281,India,Asia
Tongchuan,34.9057,108.9422,China,Asia
Cheongju,36.6372,127.4897,"Korea, South",Asia
Warri,5.5167,5.75,Nigeria,Africa
Pointe-Noire,-4.7889,11.8653,Congo (Brazzaville),Africa
Rongjiawan,29.1409,113.1087,China,Asia
Butterworth,5.3942,100.3664,Malaysia,Asia
Bhayandar,19.3,72.85,India,Asia
San Luis Potosi,22.1511,-100.9761,Mexico,North America
Renqiu,38.7094,116.1008,China,Asia
Joao Pessoa,-7.12,-34.88,Brazil,Oceania
Toluca,19.2925,-99.6569,Mexico,North America
Honolulu,21.3294,-157.846,United States,North America
Queretaro,20.5875,-100.3928,Mexico,North America
Xindi,29.8182,113.4653,China,Asia
Wu'an,36.6941,114.1847,China,Asia
Hermosillo,29.0989,-110.9542,Mexico,North America
Wutong,30.6326,120.5474,China,Asia
Taguig City,14.5167,121.05,Philippines,Asia
